م,اسم الطبق,الدولة,المكونات لـ 4 أفراد,مستوى السهولة,مستوى التكلفة,يحتوي على بروتين,التوافق مع الشريعة الإسلامية
1,كبسة لحم,السعودية,لحمة ضاني، أرز بسمتي، بهارات كبسة، طماطم، بصل,متوسط,مرتفع,نعم,حلال (بدون خمور أو خنزير)
2,كبسة دجاج,السعودية,دجاج، أرز بسمتي، بهارات كبسة، طماطم,سهل,متوسط,نعم,حلال (بدون خمور أو خنزير)
3,مطبق سمك,السعودية,سمك، أرز، بهارات، ليمون أسود,متوسط,متوسط,نعم,حلال (بدون خمور أو خنزير)
4,مضغوط دجاج,السعودية,دجاج، أرز، بهارات، حامض,متوسط,متوسط,نعم,حلال (بدون خمور أو خنزير)
5,جريش سعودي,السعودية,جريش (قمح مجروش)، لحمة، بصل، بهارات,متوسط,متوسط,نعم,حلال (بدون خمور أو خنزير)
6,مرقوق لحم,السعودية,عجينة مرقوق، لحمة، خضار، بهارات,متوسط,متوسط,نعم,حلال (بدون خمور أو خنزير)
7,مطازيز,السعودية,عجينة، لحمة، خضار، بهارات نجدية,متوسط,متوسط,نعم,حلال (بدون خمور أو خنزير)
8,سليق نجدي,السعودية,أرز، لحمة أو دجاج، لبن، ثوم,متوسط,متوسط,نعم,حلال (بدون خمور أو خنزير)
9,مفطح,السعودية,خضار، لحمة، بهارات نجدية,متوسط,متوسط,نعم,حلال (بدون خمور أو خنزير)
10,قرصان,السعودية,خبز رقيق، مرقة لحمة، خضار,متوسط,متوسط,نعم,حلال (بدون خمور أو خنزير)
11,هريس (هريسة سعودية),السعودية,قمح، لحمة، سمن,صعب,متوسط,نعم,حلال (بدون خمور أو خنزير)
12,مندي لحم,اليمن,لحمة ضاني، أرز، هيل، دخان تنور,صعب,مرتفع,نعم,حلال (بدون خمور أو خنزير)
13,مندي دجاج,اليمن,دجاج، أرز، بهارات مندي، دخان,متوسط,متوسط,نعم,حلال (بدون خمور أو خنزير)
14,مفتح دجاج,اليمن,دجاج، أرز، بهارات,متوسط,متوسط,نعم,حلال (بدون خمور أو خنزير)
15,فحسة لحم,اليمن,لحمة ضاني، حلبة، بهارات يمنية,صعب,مرتفع,نعم,حلال (بدون خمور أو خنزير)
16,مطبق يمني (لحم),اليمن,عجينة، لحمة مفرومة، بصل، بيض,متوسط,متوسط,نعم,حلال (بدون خمور أو خنزير)
17,عصيد يمني,اليمن,دقيق، سمن، عسل، مرقة لحمة,متوسط,منخفض,نعم,حلال (بدون خمور أو خنزير)
18,زربيان لحم,اليمن,لحمة، أرز، بهارات، بصل مقرمش,صعب,مرتفع,نعم,حلال (بدون خمور أو خنزير)
19,سيح لحم,اليمن,لحمة، بصل، طماطم، بهارات,متوسط,متوسط,نعم,حلال (بدون خمور أو خنزير)
20,لحوح مع اللحمة,اليمن,لحوح (خبز إسفنجي)، لحمة، مرقة,متوسط,متوسط,نعم,حلال (بدون خمور أو خنزير)
21,مطبك يمني (بيض),اليمن,عجينة، بيض، بصل، طماطم,سهل,منخفض,نعم,حلال (بدون خمور أو خنزير)
22,مرقة لحم عدنية,اليمن,لحمة ضاني، بهارات عدنية، طماطم,متوسط,مرتفع,نعم,حلال (بدون خمور أو خنزير)
23,قشاط لحم,اليمن,أضلاع لحمة، أرز، بهارات,صعب,مرتفع,نعم,حلال (بدون خمور أو خنزير)
24,بيتشاي دجاج,اليمن,دجاج، أرز، هيل، ليمون أسود,متوسط,متوسط,نعم,حلال (بدون خمور أو خنزير)
25,مندي روبيان,اليمن,جمبري، أرز، هيل، دخان,صعب,مرتفع,نعم,حلال (بدون خمور أو خنزير)
26,مبخر لحم,اليمن,لحمة، أرز، بهارات مبخرة,متوسط,مرتفع,نعم,حلال (بدون خمور أو خنزير)
27,مرشوش لحم,اليمن,عجينة رقيقة، لحمة مفرومة، بهارات,متوسط,متوسط,نعم,حلال (بدون خمور أو خنزير)
28,عربوش يمني,اليمن,لحمة، بهارات يمنية، مرقة,متوسط,متوسط,نعم,حلال (بدون خمور أو خنزير)
29,قبولي أفغاني-خليجي,اليمن,أرز، لحمة ضاني، جزر، زبيب,متوسط,مرتفع,نعم,حلال (بدون خمور أو خنزير)
30,مطبق سبيح,اليمن,عجينة، لحمة مفرومة، بيض,متوسط,متوسط,نعم,حلال (بدون خمور أو خنزير)
31,مرقوق دجاج,الإمارات,عجينة، دجاج، خضار، بهارات,متوسط,متوسط,نعم,حلال (بدون خمور أو خنزير)
32,قوزي لحم,الإمارات,لحمة ضاني، أرز، مكسرات، بيض مسلوق,صعب,مرتفع,نعم,حلال (بدون خمور أو خنزير)
33,خبيصة إماراتية باللحم,الإمارات,دقيق، سمن، عسل، لحمة (طبق مالح-حلو),متوسط,متوسط,نعم,حلال (بدون خمور أو خنزير)
34,محشي إماراتي (كوسة),الإمارات,كوسة، أرز، لحمة مفرومة,صعب,متوسط,نعم,حلال (بدون خمور أو خنزير)
35,سالونة لحم,الإمارات,لحمة، خضار، بهارات، مرقة,متوسط,متوسط,نعم,حلال (بدون خمور أو خنزير)
36,ثريد إماراتي,الإمارات,خبز رقاق، مرقة لحمة، خضار,متوسط,متوسط,نعم,حلال (بدون خمور أو خنزير)
37,جشيد (أرز باللحمة والخل),الإمارات,أرز، لحمة، خل، بهارات,متوسط,متوسط,نعم,حلال (بدون خمور أو خنزير)
38,بثيث إماراتي,الإمارات,دقيق، تمر، سمن، لحمة اختياري,سهل,منخفض,لا/اختياري,حلال (بدون خمور أو خنزير)
39,مضروبة سمك,الإمارات,سمك، أرز، بهارات، ليمون أسود,متوسط,متوسط,نعم,حلال (بدون خمور أو خنزير)
40,عريكة سمك,الإمارات,سمك، أرز، بهارات إماراتية,متوسط,متوسط,نعم,حلال (بدون خمور أو خنزير)
41,جبين حليب إماراتي بالدجاج,الإمارات,دجاج، حليب، أرز، بهارات,متوسط,متوسط,نعم,حلال (بدون خمور أو خنزير)
42,مبوة إماراتية,الإمارات,تمر، سمك مقلي، أرز,متوسط,متوسط,نعم,حلال (بدون خمور أو خنزير)
43,مرچوق كويتي,الكويت,عجينة، خضار، لحمة، بهارات,متوسط,متوسط,نعم,حلال (بدون خمور أو خنزير)
44,مبشوصة (فتة كويتية),الكويت,خبز، لحمة مفرومة، بهارات,متوسط,متوسط,نعم,حلال (بدون خمور أو خنزير)
45,جراد كويتي (سمك),الكويت,سمك زبيدي، طماطم، بهارات,متوسط,متوسط,نعم,حلال (بدون خمور أو خنزير)
46,مليحي كويتي,الكويت,سمك مملح، أرز، بهارات,متوسط,متوسط,نعم,حلال (بدون خمور أو خنزير)
47,عيش لبن كويتي بالدجاج,الكويت,أرز، لبن، دجاج، بهارات,متوسط,متوسط,نعم,حلال (بدون خمور أو خنزير)
48,مرقوقة كويتية باللحم,الكويت,عجينة، لحمة، خضار,متوسط,متوسط,نعم,حلال (بدون خمور أو خنزير)
49,قيمة كويتية (يخنة لحمة بالبازلاء),الكويت,لحمة مفرومة، بازلاء، طماطم، بصل,سهل,متوسط,نعم,حلال (بدون خمور أو خنزير)
50,درابيل كويتية,الكويت,عجينة، لحمة مفرومة، بصل,متوسط,متوسط,نعم,حلال (بدون خمور أو خنزير)
51,زبيدي مقلي كويتي,الكويت,سمك زبيدي، بهارات، دقيق,سهل,مرتفع,نعم,حلال (بدون خمور أو خنزير)
52,رويس كويتي (سمك صغير مقلي),الكويت,سمك رويس، دقيق، بهارات,سهل,متوسط,نعم,حلال (بدون خمور أو خنزير)
53,مچبوس دجاج,البحرين,دجاج، أرز، بهارات مچبوس، ليمون أسود,متوسط,متوسط,نعم,حلال (بدون خمور أو خنزير)
54,مچبوس لحم,البحرين,لحمة ضاني، أرز، بهارات مچبوس,متوسط,مرتفع,نعم,حلال (بدون خمور أو خنزير)
55,مبقبق بحريني,البحرين,أرز مكسر، لحمة، بصل، بهارات,متوسط,متوسط,نعم,حلال (بدون خمور أو خنزير)
56,بلاليط بحرينية (شعيرية حلوة باللحم),البحرين,شعيرية، سكر، بيض، لحمة اختياري,سهل,منخفض,لا/اختياري,حلال (بدون خمور أو خنزير)
57,مهياوة سمك بحرينية,البحرين,سمك مخمر، أرز، بصل,متوسط,متوسط,نعم,حلال (بدون خمور أو خنزير)
58,مطبق بحريني باللحم,البحرين,عجينة، لحمة مفرومة، بيض,متوسط,متوسط,نعم,حلال (بدون خمور أو خنزير)
59,قوزي بحريني,البحرين,لحمة ضاني، أرز، مكسرات,صعب,مرتفع,نعم,حلال (بدون خمور أو خنزير)
60,خضار مطهية بحرينية بالدجاج,البحرين,دجاج، خضار مشكلة، بهارات,سهل,متوسط,نعم,حلال (بدون خمور أو خنزير)
61,مرگوق سمك بحريني,البحرين,سمك، عجينة، بهارات,متوسط,متوسط,نعم,حلال (بدون خمور أو خنزير)
62,مچبوس روبيان,قطر,جمبري، أرز، بهارات مچبوس,متوسط,مرتفع,نعم,حلال (بدون خمور أو خنزير)
63,مطر قطري (يخنة بازلاء باللحم),قطر,بازلاء، لحمة، طماطم,سهل,متوسط,نعم,حلال (بدون خمور أو خنزير)
64,ثريد قطري,قطر,خبز رقاق، مرقة لحمة، خضار,متوسط,متوسط,نعم,حلال (بدون خمور أو خنزير)
65,بلحوش قطري,قطر,عجينة، تمر، سمن (حلو-مالح),سهل,منخفض,لا,حلال (بدون خمور أو خنزير)
66,عرسية قطرية (أرز بالدجاج المهروس),قطر,أرز، دجاج مهروس، سمن,متوسط,متوسط,نعم,حلال (بدون خمور أو خنزير)
67,مجبوس سمك قطري,قطر,سمك، أرز، بهارات مجبوس,متوسط,متوسط,نعم,حلال (بدون خمور أو خنزير)
68,سمبوسة قطرية باللحم,قطر,رقائق سمبوسة، لحمة مفرومة,متوسط,متوسط,نعم,حلال (بدون خمور أو خنزير)
69,مجبوس لحم قطري,قطر,لحمة ضاني، أرز، بهارات,متوسط,مرتفع,نعم,حلال (بدون خمور أو خنزير)
70,قبولي قطري بالدجاج,قطر,أرز، دجاج، جزر، زبيب,متوسط,متوسط,نعم,حلال (بدون خمور أو خنزير)
71,عمانية (مرق أرز باللحم),عمان,أرز، لحمة، بهارات عمانية,متوسط,متوسط,نعم,حلال (بدون خمور أو خنزير)
72,شواء عماني (مشكل),عمان,لحمة ضاني ولحم بقري، بهارات، ليمون عماني,متوسط,مرتفع,نعم,حلال (بدون خمور أو خنزير)
73,رخال عماني,عمان,أرز، لحمة، بهارات، ليمون عماني مجفف,متوسط,متوسط,نعم,حلال (بدون خمور أو خنزير)
74,مسكن عماني,عمان,لحمة، أرز، بهارات، دخان,صعب,مرتفع,نعم,حلال (بدون خمور أو خنزير)
75,مطبق عماني باللحم,عمان,عجينة، لحمة مفرومة، بيض,متوسط,متوسط,نعم,حلال (بدون خمور أو خنزير)
76,عرسية عمانية (دجاج مهروس),عمان,دجاج، أرز، سمن,متوسط,متوسط,نعم,حلال (بدون خمور أو خنزير)
77,شعرية عمانية باللحم,عمان,شعيرية، لحمة مفرومة، بهارات,سهل,متوسط,نعم,حلال (بدون خمور أو خنزير)
78,سيادية عمانية (سمك بالأرز),عمان,سمك، أرز، بصل مقرمش,متوسط,متوسط,نعم,حلال (بدون خمور أو خنزير)
79,عيش أصفر عماني بالدجاج,عمان,أرز، كركم، دجاج، بهارات,سهل,متوسط,نعم,حلال (بدون خمور أو خنزير)
80,مسبح عماني (سمك مجفف بالأرز),عمان,سمك مجفف، أرز، بهارات,متوسط,متوسط,نعم,حلال (بدون خمور أو خنزير)
81,مطازيز نجدية بالدجاج,السعودية,عجينة، دجاج، خضار، بهارات,متوسط,متوسط,نعم,حلال (بدون خمور أو خنزير)
82,سمبوسة سعودية باللحم,السعودية,رقائق سمبوسة، لحمة مفرومة، بصل,متوسط,متوسط,نعم,حلال (بدون خمور أو خنزير)
83,مضربة دجاج,السعودية,دجاج، أرز، خضار، بهارات,متوسط,متوسط,نعم,حلال (بدون خمور أو خنزير)
84,مرقوق دجاج نجدي,السعودية,عجينة، دجاج، خضار، بهارات,متوسط,متوسط,نعم,حلال (بدون خمور أو خنزير)
85,كبسة روبيان,السعودية,جمبري، أرز، بهارات كبسة,متوسط,مرتفع,نعم,حلال (بدون خمور أو خنزير)
86,كبسة سمك,السعودية,سمك، أرز، بهارات كبسة,متوسط,متوسط,نعم,حلال (بدون خمور أو خنزير)
87,مضغوط لحم,السعودية,لحمة، أرز، بهارات، حامض,متوسط,مرتفع,نعم,حلال (بدون خمور أو خنزير)
88,هريس دجاج,السعودية,قمح، دجاج، سمن,صعب,متوسط,نعم,حلال (بدون خمور أو خنزير)
89,قرصان دجاج,السعودية,خبز رقيق، مرقة دجاج، خضار,متوسط,متوسط,نعم,حلال (بدون خمور أو خنزير)
90,مفروكة إماراتية (تمر ودقيق),الإمارات,تمر، دقيق، سمن، لحمة اختياري,سهل,منخفض,لا/اختياري,حلال (بدون خمور أو خنزير)
91,جبين إماراتي باللحم,الإمارات,أرز، حليب، لحمة، بهارات,متوسط,متوسط,نعم,حلال (بدون خمور أو خنزير)
92,سلونة دجاج إماراتية,الإمارات,دجاج، خضار، بهارات، مرقة,سهل,متوسط,نعم,حلال (بدون خمور أو خنزير)
93,مضروبة دجاج,الإمارات,دجاج، أرز، بهارات، ليمون أسود,متوسط,متوسط,نعم,حلال (بدون خمور أو خنزير)
94,قيمة بحرينية (يخنة لحمة بالبازلاء),البحرين,لحمة مفرومة، بازلاء، طماطم,سهل,متوسط,نعم,حلال (بدون خمور أو خنزير)
95,مچبوس سمك بحريني,البحرين,سمك، أرز، بهارات مچبوس,متوسط,متوسط,نعم,حلال (بدون خمور أو خنزير)
96,سمبوسة بحرينية باللحم,البحرين,رقائق سمبوسة، لحمة مفرومة,متوسط,متوسط,نعم,حلال (بدون خمور أو خنزير)
97,مطبق كويتي بالدجاج,الكويت,عجينة، دجاج مفروم، بيض,متوسط,متوسط,نعم,حلال (بدون خمور أو خنزير)
98,جشيد دجاج كويتي,الكويت,أرز، دجاج، خل، بهارات,متوسط,متوسط,نعم,حلال (بدون خمور أو خنزير)
99,مبثوث قطري (تمر ودقيق باللحم),قطر,تمر، دقيق، سمن، لحمة اختياري,سهل,منخفض,لا/اختياري,حلال (بدون خمور أو خنزير)
100,مضروبة روبيان قطرية,قطر,جمبري، أرز، بهارات مچبوس,متوسط,مرتفع,نعم,حلال (بدون خمور أو خنزير)
